64.976,22.989427,18.170831
65.976,22.988765,18.168863
66.976,22.989264,18.165955
67.976,22.989216,18.159795
68.976,22.988865,18.155443
69.976,22.989145,18.149305
70.976,22.988598,18.143338
71.976,22.989115,18.137499
72.976,22.98884,18.128153
73.976,22.988955,18.129276
74.976,37.511211,18.384721
75.976,58.325342,17.817473
76.976,79.229188,16.80891
77.976,97.155613,16.154993
78.976,97.155833,16.004601
79.976,97.156192,15.908841
80.976,97.156226,15.869649
81.976,97.156105,15.838745
82.976,97.15555,15.82171
83.976,96.972212,16.145647
84.976,66.361709,19.050239
85.976,14.979667,19.928666
86.976,0.020731,19.543763
87.977,0.02048,19.451842
88.977,0.020145,19.386516
89.977,0.020815,19.338182
90.977,0.020271,19.300958
91.977,0.02064,19.262547
92.977,0.020524,19.239652
93.977,0.019547,19.212876
94.977,0.01989,19.187532
95.977,0.020039,19.163814
96.977,0.020414,19.142898
97.978,0.020222,19.122302
98.978,0.020291,19.108625
99.978,0.020181,19.091067
100.978,0.01997,19.073551
101.978,0.020296,19.057136
102.978,0.020398,19.04178
103.978,0.020602,19.031108
104.978,0.0206,19.021335
105.978,0.020448,19.009893
106.979,0.020146,19.005615
107.979,0.020358,18.990559
108.979,0.020426,18.978005
109.98,0.020499,18.967504
110.98,0.020495,18.955024
111.981,0.020632,18.947539
112.981,0.020492,18.941347
113.982,0.02059,18.928537
114.982,0.020808,18.915876
115.983,0.020745,18.906551
116.984,0.020681,18.890928
117.984,0.458175,18.963611
118.984,19.754585,18.904915
119.984,19.754846,18.823335
120.984,25.913542,18.768007
121.985,25.913737,18.679668
122.985,25.913644,18.643043
123.985,28.822034,18.684951
124.985,0.020561,18.594334
125.985,0.020948,18.555207
126.985,0.020483,18.526003
127.985,0.020218,18.502905
128.986,0.020351,18.485614
129.986,0.020888,18.467574
0,0.020639,18.401093
7.332,0.020863,18.345669
8.332,0.020635,18.338301
9.332,0.020848,18.328559
10.332,0.020673,18.321266
11.333,0.02018,18.312669
12.333,0.020545,18.304488
13.333,0.020641,18.300425
14.333,0.020476,18.701162
15.334,21.047879,18.087368
16.334,41.741166,17.564252
17.334,62.584449,17.00198
18.334,83.425911,16.029987
19.335,104.305927,15.65242
20.335,125.117983,15.59458
21.336,145.963452,15.588003
22.336,166.932266,14.869114
23.336,187.631503,15.252849
24.336,208.49626,14.89865
25.336,229.411447,14.272034
26.336,250.135024,14.862131
27.336,270.913635,14.388913
28.336,291.810865,14.607701
29.336,312.633788,13.687166
30.336,333.451189,12.94367
31.336,354.288426,13.001917
32.336,375.095767,13.365879
33.337,395.959875,13.994817
34.337,416.810069,13.798121
35.337,437.661789,13.799907
36.337,458.503855,13.546983
37.337,479.324051,13.091432
38.337,500.195502,13.152748
39.338,521.039736,12.90544
40.339,541.874641,12.910092
41.339,562.710519,13.305515
42.339,583.551898,13.61324
43.339,604.339089,13.097495
44.339,625.315634,13.582496
45.339,646.068694,13.462345
46.34,666.907662,13.348053
47.34,687.745308,13.609968
48.34,708.599561,13.274675
49.34,729.376928,13.881252
50.34,750.17278,13.740238
51.34,729.019705,14.031356
52.34,708.220152,14.611337
53.34,687.396932,14.072889
54.34,666.58474,13.978541
55.34,645.746873,13.9961
56.34,614.534339,13.929458
57.34,604.020463,14.094843
58.341,583.233795,14.168393
59.341,551.940452,14.141413
60.342,541.468031,14.191106
61.342,520.687704,14.299762
62.342,499.880111,14.359677
63.342,479.018542,14.422597
64.342,458.203229,14.556822
65.342,437.347167,14.598302
66.342,416.464376,14.664847
67.342,395.621893,14.662783
68.342,374.835926,14.753165
69.342,353.961297,14.976979
70.342,333.084155,15.701674
71.342,312.326831,15.772649
72.342,291.486808,16.28679
73.342,270.643097,17.293665
74.342,249.866867,17.59197
75.342,229.011984,17.740277
76.343,208.085775,18.566724
77.343,176.933831,18.957698
78.343,166.472504,19.116881
79.343,145.629358,18.252208
80.343,124.696607,18.976304
81.343,103.957042,18.942812
82.343,83.112337,19.715179
83.343,62.33068,19.834989
84.343,41.455708,19.751558
85.343,20.61821,19.874116
86.343,-0.087474,19.668716
87.343,21.036341,19.661669
88.343,41.796313,19.645586
89.343,62.648089,19.464557
90.343,83.432672,19.093376
91.343,104.267606,18.718036
92.343,125.163042,18.170104
93.344,145.986101,17.276042
94.344,166.915831,16.544481
95.344,187.642241,16.096489
96.344,208.431085,15.563921
97.344,229.289575,14.836499
98.344,250.162214,14.390923
99.344,270.97189,14.277402
100.344,291.839864,14.507397
101.344,312.659942,14.742172
102.344,333.599757,14.606888
103.344,354.299076,14.350096
104.344,375.173595,14.024769
105.344,395.992734,13.976488
106.344,416.801974,13.946653
107.344,437.672631,13.74074
108.344,458.514109,13.764565
109.345,479.347889,13.794999
110.345,500.180516,13.846541
111.345,521.006103,13.884353
112.345,541.843237,13.640361
113.345,562.704525,13.83048
114.345,583.540473,13.610556
115.345,604.332204,13.713942
116.345,625.181371,13.520228
117.345,646.039415,13.528698
118.346,666.872446,13.594249
119.346,687.709441,14.072494
120.346,708.523507,13.476257
121.346,729.377301,13.352972
122.346,739.557084,13.027506
123.346,729.095158,13.471595
124.346,708.240038,13.751605
125.346,687.404003,14.650721
126.346,666.62691,15.060281
127.346,645.788036,15.16728
128.346,624.910008,15.21107
129.346,604.069279,15.353549
130.346,583.250847,15.465285
131.346,562.407658,15.362788
132.346,541.596543,15.491163
133.346,520.777613,15.612395
134.346,499.939683,16.038777
135.346,479.077392,15.672674
136.346,458.188121,16.113834
137.346,437.412046,15.839643
138.346,416.540795,16.080492
139.346,395.737438,16.300627
140.346,374.873283,16.211572
141.346,354.019372,16.367066
142.346,333.259335,17.226885
143.346,312.39342,17.195168
144.346,291.552059,17.365557
145.346,270.761966,16.990335
146.346,249.916952,17.481774
147.346,229.074715,17.861758
148.346,208.179881,18.382925
149.346,187.277679,19.235407
150.346,166.551584,19.432551
151.346,145.733404,19.320623
152.346,124.749244,19.702411
153.346,104.047497,19.698775
154.346,83.208137,19.775255
155.346,62.409939,19.620724
156.346,41.571893,19.600449
157.346,20.582048,19.740672
158.347,-0.085024,19.517308
159.347,21.023125,19.194002
160.347,41.720666,19.410854
161.347,62.731911,19.646206
162.347,93.749265,19.690969
163.347,104.243286,19.504411
164.347,125.145771,19.078929
165.347,145.969543,18.307707
166.347,166.853391,18.398901
167.348,187.584864,18.24099
168.348,208.456954,17.52212
169.348,229.464657,17.343133
170.348,250.294433,17.077561
171.348,271.125538,16.265382
172.348,291.842949,16.264024
173.349,312.627177,16.557634
174.35,333.509433,15.296799
175.35,354.372109,15.945787
176.35,375.099021,15.200162
177.35,395.966015,15.14277
178.35,416.840809,14.695731
179.351,437.720394,15.118528
180.351,458.506444,13.990796
181.351,479.333554,13.970639
182.351,500.187384,14.074194
183.351,520.976189,14.023304
184.351,541.844808,13.489709
185.351,573.092308,13.611294
186.352,583.547556,13.677039
187.353,604.369346,13.633442
188.354,625.204802,13.599221
189.354,646.060692,13.628115
190.354,666.886774,13.849696
191.354,687.753584,13.944942
192.354,708.571131,13.710146
193.354,729.389848,13.322571
194.354,750.208572,13.222469
195.354,718.526434,13.426661
196.354,708.227817,13.72809
197.354,687.405073,14.253352
198.355,666.569405,14.524014
199.355,645.709655,14.794517
200.355,624.865934,15.007188
201.355,604.053013,15.012995
202.355,583.216289,15.28617
203.355,562.377744,15.411411
204.355,541.438886,15.32596
205.355,520.713619,15.838114
206.355,499.896803,15.943252
207.355,479.054008,16.017112
208.356,458.223202,16.184411
209.356,437.311242,16.565483
210.356,416.471335,16.878524
211.356,395.616701,16.931531
212.357,374.810448,16.584228
213.357,353.972233,17.372829
214.357,333.117275,17.94769
215.357,312.297586,18.230725
216.358,291.460951,18.754191
217.358,270.651099,18.581213
218.358,249.811579,18.397896
219.358,228.941414,18.242873
220.358,208.085111,18.174723
221.358,187.267954,19.176486
222.358,166.474064,19.909714
223.358,145.579459,19.598
224.359,124.652703,20.303333
225.36,103.894151,19.98532
226.36,83.076773,20.367697
227.36,62.278249,19.792728
228.36,41.359429,20.358885
229.36,20.550939,20.390281
230.36,-0.11259,20.515544
231.361,21.120672,20.475134
232.361,41.906454,20.354362
233.361,62.716101,20.207573
234.361,83.514529,20.139477
235.361,104.398813,20.100735
236.361,125.206226,19.69484
237.361,146.018963,19.123532
238.361,167.003657,18.84053
239.361,187.720667,18.651683
240.363,208.562367,17.50531
241.363,229.39912,17.544181
242.363,250.270078,17.61973
243.364,271.123944,17.533231
244.364,291.966392,17.672566
245.364,312.792027,17.335145
246.365,333.608521,16.839685
247.366,354.485123,16.177717
248.366,375.359699,15.71364
249.366,396.108512,14.94414
250.366,416.971219,14.352138
251.366,437.856897,14.367997
252.366,458.657083,14.279936
253.366,479.490153,14.261169
254.367,500.400794,14.193202
255.367,521.18956,14.56281
256.368,542.017312,14.44129
257.368,562.975802,14.51177
258.369,583.727282,14.369312
259.37,604.580947,14.020641
260.37,625.468211,13.55186
261.371,646.277926,13.905601
262.371,677.483817,13.842178
263.371,687.954075,13.653877
264.371,708.796466,14.25285
265.371,729.598894,14.504755
266.371,750.213955,14.114968
267.371,728.81727,14.484587
268.372,707.961754,14.582625
269.373,687.16513,15.002761
270.373,666.313667,15.144631
271.373,645.474706,15.179043
272.374,624.565757,14.951689
273.374,603.787003,14.967056
274.375,582.92572,15.259949
275.375,562.09232,15.361644
276.375,541.268762,15.515651
277.375,520.421886,15.688725
278.375,499.57792,15.649715
279.375,478.726285,15.600161
280.375,457.95313,15.662932
281.375,436.735975,15.848209
282.375,416.185492,16.193661
283.375,395.305053,16.285122
284.376,374.485151,16.513491
285.376,353.657773,16.629494
286.376,332.897596,16.898895
287.377,311.991094,16.94678
288.377,291.200528,17.114561
289.377,270.36369,17.640721
290.377,249.529996,17.486201
291.377,228.689825,17.572583
292.377,207.796032,18.368382
293.377,176.674729,18.122796
294.378,166.07782,19.132739
295.379,145.308142,18.755666
296.379,124.3527,20.091987
297.379,103.624044,19.644528
298.38,82.763228,18.969097
299.38,51.62788,20.038542
300.381,41.078795,19.779468
301.382,20.161886,19.828177
302.383,0.00271,19.745174
303.383,21.538541,19.816029
304.383,42.235728,19.464225
305.383,63.084038,19.44934
306.383,83.873208,19.554168
307.383,104.68222,19.698123
308.383,125.513739,19.651179
309.383,156.81266,19.962008
310.383,167.206773,18.429869
311.383,188.016486,19.053383
312.383,208.859087,17.624499
313.383,229.700991,18.105954
314.383,250.544997,17.710806
315.383,271.331552,17.556532
316.383,292.220564,16.043696
317.383,313.042597,15.82879
318.383,333.848388,15.960372
319.383,354.718152,15.587607
320.383,375.520995,15.442348
321.383,396.381587,16.012107
322.383,427.571555,15.704433
323.383,438.0513,15.736794
324.384,458.915376,15.141797
325.385,490.145272,15.230692
326.385,500.635511,15.179962
327.386,521.440071,14.560693
328.387,542.362395,14.69155
329.387,563.147124,14.672664
330.387,583.970845,14.353635
331.387,604.799869,14.427623
332.387,625.638596,14.323662
333.387,646.525278,14.624704
334.387,667.309016,14.645802
335.387,688.163017,14.68554
336.387,708.957342,14.686053
337.387,729.814627,14.548235
338.387,739.157126,14.295581
339.387,728.655847,14.574252
340.387,707.763335,14.865457
341.388,686.989868,15.133863
342.388,666.18562,15.510529
343.388,645.288543,15.786615
344.389,624.377947,15.854914
345.389,603.645099,15.718613
346.389,582.778229,15.849952
347.389,561.918436,15.513352
348.39,541.084084,15.780904
349.39,520.214417,15.92887
350.39,499.414815,15.96295
351.391,478.584806,16.093624
352.391,457.715556,16.196933
353.391,436.879741,16.274118
354.391,416.063854,16.445545
355.391,395.162521,16.591938
356.391,374.378691,16.746277
357.391,353.503188,16.941466
358.391,332.750426,17.164681
359.391,311.871806,17.208535
360.391,291.069025,17.461852
361.391,270.239211,17.651361
362.391,249.3896,17.678619
363.391,228.580309,17.807486
364.391,207.697806,18.420427
365.391,186.869143,18.58178
366.391,166.021933,20.57932
367.391,145.157491,20.23621
368.391,124.247167,21.22358
369.392,103.495585,21.151656
370.393,82.685985,21.360414
371.393,61.836501,21.438658
372.393,40.985324,21.467316
373.393,20.17883,21.474278
374.393,0.035911,20.998451
375.393,21.52523,20.460687
376.393,42.232623,20.031826
377.393,63.115321,20.244241
378.393,83.982706,20.656046
379.393,104.771194,20.686575
380.394,125.622054,20.48093
381.395,146.46685,19.860354
382.396,167.395723,19.055778
383.396,188.195641,17.928613
384.396,208.962714,17.878269
385.396,229.826524,16.666867
386.396,250.63102,16.234927
387.396,271.45223,15.774937
388.396,292.322713,15.763763
389.396,313.134939,15.626606
390.397,334.002083,15.455629
391.397,354.926627,15.083892
392.397,375.646841,15.356928
393.397,396.467993,15.157506
394.397,417.331229,15.026212
395.397,438.150114,15.053555
396.397,459.061423,15.161356
397.398,479.855133,15.067328
398.398,500.775943,14.78269
399.398,521.548534,14.552555
400.398,542.348568,14.207295
401.398,563.245675,14.27398
402.398,584.139991,14.217764
403.398,604.87122,14.026084
404.398,625.769477,14.129094
405.398,646.529032,14.2382
406.398,667.377142,14.386058
407.398,688.289765,14.752534
408.398,709.03091,14.924121
409.398,729.876264,14.248455
410.398,750.020506,14.105911
411.398,728.584805,14.297794
412.398,707.69213,14.85101
413.398,686.844594,15.303504
414.398,666.060553,15.69682
415.399,645.154898,15.842552
416.399,624.392642,16.005242
417.399,603.599001,15.843055
418.399,582.742775,15.90143
419.4,561.875196,16.094222
420.4,541.047943,16.101793
421.4,520.174604,16.298553
422.4,499.36306,16.23266
423.4,478.554095,16.267756
424.4,457.676767,16.227217
425.4,436.857678,16.292618
426.4,416.028981,16.468418
427.4,395.1667,16.914614
428.4,374.245855,17.206289
429.401,353.486928,17.336674
430.401,332.666034,17.584527
431.401,311.780226,17.841077
432.401,291.016484,18.007713
433.401,270.187212,18.280546
434.401,249.341296,18.390314
435.401,228.513952,18.68895
436.401,207.695222,18.500563
437.401,186.822079,19.018993
438.401,165.991286,20.328088
439.401,145.171663,20.369311
440.401,124.207005,20.518731
441.401,103.501273,20.591265
442.401,82.681899,20.601798
443.401,51.422991,20.616266
444.401,40.959631,20.464569
445.401,20.1655,20.671305
446.401,0.062624,20.287282
447.401,21.573196,20.044198
448.401,42.253865,20.225057
449.401,63.082025,20.275583
450.401,84.042392,20.265927
451.401,104.770934,20.227035
452.401,125.585961,20.070023
453.401,146.449547,19.688403
454.401,167.381022,19.548286
455.402,188.105767,18.16141
456.402,208.962138,17.857491
457.402,229.797227,17.648859
458.402,250.6602,17.240144
459.402,271.455321,16.763408
460.403,292.365255,16.935552
461.403,313.170056,16.474567
462.403,333.979635,15.755604
463.403,354.812409,16.113984
464.403,375.623905,15.856625
465.403,396.474075,15.875081
466.403,417.333947,15.241075
467.404,438.1668,15.59104
468.404,458.993902,15.423923
469.404,479.854056,15.427911
470.404,500.734337,15.145358
471.404,521.502983,15.048347
472.404,542.343301,14.889582
473.404,563.223176,14.87753
474.404,584.011945,14.760822
475.404,604.943594,14.738943
476.404,625.77674,14.674011
477.404,646.519273,14.716487
478.404,667.351262,14.860816
479.404,688.214312,15.062698
480.404,709.001416,14.871478
481.404,729.862244,14.741948
482.404,749.988875,14.516069
483.404,728.484065,14.767591
484.404,707.747826,15.021421
485.404,686.941046,15.546673
486.404,666.110027,15.585565
487.404,645.26034,15.661831
488.404,624.397274,15.593917
489.404,603.606229,15.504198
490.404,582.712972,15.932783
491.404,561.918769,16.01015
492.405,541.057127,16.171418
493.406,520.240099,16.281925
494.406,499.384134,16.458997
495.406,478.553397,16.247278
496.406,457.685881,16.261864
497.407,436.852929,16.290683
498.408,415.980811,16.567739
499.408,395.173689,16.858313
500.408,374.302597,17.1144
501.408,353.441999,17.213978
502.408,332.680827,17.620393
503.408,311.800276,17.785906
504.408,291.012253,17.90081
505.408,270.136999,18.201671
506.408,249.347453,18.312968
507.408,228.442858,18.543968
508.408,207.644549,18.743476
509.409,186.788295,18.55001
510.409,165.913557,20.119298
511.409,145.140714,19.948128
512.409,124.161903,20.326131
513.409,103.469562,20.351453
514.409,82.658455,20.316646
515.409,61.796178,20.007841
516.41,40.920391,19.556553
517.41,20.128152,20.167355
518.41,0.093188,20.244594
519.41,21.613172,20.125618
520.41,42.341175,20.146032
521.41,63.126017,20.01308
522.411,84.031292,19.94784
523.411,104.870724,19.797989
524.411,136.121532,19.935884
525.411,146.726816,19.633877
526.411,167.63413,19.124558
527.411,188.273702,17.902949
528.411,209.199561,17.995373
529.411,230.031194,17.472652
530.411,250.82732,17.223933
531.411,271.620992,17.022854
532.411,292.482075,16.728986
533.411,313.237356,16.406632
534.411,334.136188,15.798163
535.412,354.885755,15.611646
536.412,375.724512,16.005114
537.413,396.565719,16.028404
538.413,417.403307,15.884363
539.413,438.21096,15.705588
540.413,459.036666,16.05687
541.413,479.942197,15.958287
542.413,500.911752,15.308615
543.413,521.545473,15.115245
544.413,552.861366,14.985128
545.413,563.26289,14.986806
546.414,584.093287,14.825121
547.414,604.926496,14.784775
548.414,625.77763,14.99535
549.414,646.589808,14.810247
550.414,667.585595,14.931265
551.414,688.437541,15.176947
552.414,709.090086,15.734174
553.414,729.965324,15.170627
554.414,750.094865,15.219656
555.414,728.486044,15.24176
556.414,707.6408,15.551603
557.414,686.780746,15.801361
558.414,666.016015,16.414267
559.414,645.194292,16.028393
560.414,624.361559,15.960939
561.414,603.506606,16.55927
562.414,572.220519,16.965408
563.414,561.816934,17.076556
564.415,530.610069,17.417752
565.416,520.161306,17.844916
566.416,499.252409,18.288181
567.416,478.339032,17.183416
568.417,457.569684,16.706508
569.417,436.766523,16.619217
570.417,415.940945,16.576583
571.417,395.097468,16.941369
572.417,374.242054,17.3528
573.418,353.414198,17.428531
574.418,332.551635,17.873809
575.418,311.744563,18.089389
576.418,290.884579,18.257084
577.418,270.061883,18.38733
578.418,249.270132,18.522581
579.418,228.443829,18.559046
580.418,207.528992,18.91425
581.418,186.733117,19.050881
582.418,165.903973,19.850719
583.418,145.071796,19.992207
584.418,124.059458,19.643865
585.418,103.411511,20.220598
586.418,82.603755,20.468076
587.418,61.723071,20.535755
588.418,40.912502,20.573599
589.418,20.106481,20.202996
590.418,0.172577,20.55526
591.418,21.692635,20.578646
592.418,42.381666,20.475722
593.418,63.150787,20.454292
594.419,84.026232,20.447363
595.42,104.875903,20.43513
596.421,125.726639,20.392238
597.421,146.607623,19.498455
598.421,167.515051,18.726345
599.421,198.561959,18.433601
600.421,209.109087,18.02401
601.421,229.917033,17.696359
602.422,261.057306,17.019047
603.422,271.619118,16.634113
604.422,292.478234,16.629141
605.422,313.258929,16.984143
606.422,334.112548,16.334312
607.422,355.055099,16.678566
608.422,375.85722,16.812823
609.422,396.620006,16.458163
610.422,417.553079,16.66012
611.422,438.242864,16.418362
612.422,459.116635,16.254827
613.422,479.943914,16.176412
614.424,500.865555,15.951529
615.424,532.071924,15.190196
616.425,542.501622,15.126634
617.425,563.374106,15.283988
618.426,584.181986,15.163195
619.426,605.027131,14.966692
620.426,625.967279,15.216459
621.427,646.85583,15.529403
622.428,667.637315,15.077947
623.429,688.508333,15.369611
624.429,709.335231,15.293056
625.429,730.150183,15.489388
626.429,749.82999,15.377374
627.429,728.358102,15.783481
628.429,707.530282,16.585458
629.43,686.560066,17.15449
630.431,665.825621,17.63469
631.431,645.013105,17.334172
632.431,624.194811,17.300135
633.431,603.337408,17.707117
634.431,582.469869,17.53784
635.431,561.675519,17.462419
636.431,540.825378,16.833644
637.431,519.93033,16.675134
638.431,499.138342,16.739401
639.431,478.306913,16.807423
640.431,457.382456,17.033098
641.431,436.653864,16.935734
642.431,415.819959,17.086897
643.431,394.920972,17.369054
644.431,374.111028,17.448806
645.431,353.295062,17.540588
646.431,332.459612,17.762509
647.431,311.541569,18.386838
648.431,290.8262,18.560297
649.431,269.971124,18.752961
650.431,249.117346,19.09544
651.431,228.345051,19.139283
652.431,207.430039,19.607175
653.431,186.620517,19.721371
654.431,165.72424,20.649694
655.431,144.976078,20.642583
656.431,123.900978,21.101333
657.431,103.113593,21.119105
658.431,82.375941,21.125682
659.432,61.467303,21.195392
660.432,40.67865,21.196676
661.432,19.952638,21.193222
662.432,0.288552,20.470365
663.432,21.930328,20.690714
664.432,42.579024,20.927349
665.432,63.439848,20.898306
666.432,84.326703,20.909716
667.432,105.023288,21.023335
668.432,125.799057,20.848474
669.433,146.714427,20.744438
670.433,167.611921,20.41925
671.434,188.445781,20.02741
672.434,209.305894,19.45905
673.435,230.08608,18.952458
674.435,251.008047,17.965944
675.435,271.925552,17.906638
676.435,292.562132,17.663894
677.435,313.459054,17.278128
678.435,334.371771,17.187458
679.435,355.212983,16.904691
680.435,375.892359,17.055789
681.435,396.807257,16.810909
682.435,417.735785,16.661296
683.435,438.353317,16.661179
684.435,459.434965,16.160629
685.435,480.209773,16.252229
686.435,511.309446,16.167398
687.435,521.730699,15.968179
688.436,542.655031,15.269327
689.436,563.428556,15.131211
690.436,584.253936,15.094179
691.436,605.15658,15.032457
692.437,625.957752,14.845728
693.437,646.755061,15.115534
694.437,667.640528,15.379919
695.437,688.496687,15.487934
696.437,709.249408,14.9884
697.437,730.099912,15.44994
698.437,749.828738,15.05456
699.438,728.276508,15.31871
700.439,697.110021,16.419827
701.439,686.581361,16.522527
702.439,665.785971,16.916122
703.44,634.542463,17.072728
704.441,624.110656,17.131895
705.441,603.259377,17.139744
706.441,582.434799,18.298692
707.441,561.485493,17.291612
708.441,540.601875,17.195852
709.441,519.900289,17.510058
710.442,499.055933,17.13321
711.442,478.259522,17.161655
712.442,457.374623,17.102637
713.442,436.46766,17.287901
714.443,415.715773,17.647244
715.443,394.838348,17.814714
716.444,374.003909,17.685099
717.444,353.131294,17.814019
718.444,332.20299,18.408375
719.445,311.457823,18.445407
720.445,290.639643,18.427741
721.445,269.798818,18.812823
722.445,248.933988,19.056013
723.445,228.167577,19.130237
724.445,207.321803,19.461552
725.445,186.471735,19.908528
726.445,165.659321,20.354063
727.445,144.82189,21.029291
728.445,123.859264,21.309823
729.445,103.16959,21.263349
730.445,82.332258,21.287923
731.446,61.450911,21.296093
732.447,40.510953,21.278919
733.448,19.743867,20.920056
734.449,-0.146047,20.78241
735.449,0.020652,20.730141
736.449,0.020451,20.721821
737.45,0.02045,20.691323
738.45,0.020784,20.659061
739.45,0.020367,20.633504
740.45,0.020647,20.618437
741.45,0.020751,20.597617
742.45,0.02056,20.487709
743.45,0.020387,20.454987
744.45,0.020939,20.496531
745.45,0.020711,20.367504
746.45,0.020615,20.3383
747.45,0.020403,20.318475
748.45,0.020231,20.308573
749.45,0.020126,20.307984
750.45,0.020078,20.279925
751.45,0.020235,20.263553
752.45,0.020412,20.254314
753.452,0.0205,20.238605
754.452,0.019938,20.223827
755.453,0.020258,20.214759
756.453,0.020157,20.202119
757.453,0.020535,20.19072
758.453,0.020348,20.187704
759.453,0.020299,20.185641
760.453,0.020496,20.179182
761.453,0.020314,20.175535
762.453,0.020388,20.170435
763.453,0.020826,20.154245
764.453,0.020665,20.137349
765.453,0.020277,20.12827
766.453,0.02028,20.120443
767.453,0.020213,20.11686
768.453,0.020695,20.110316
769.454,0.020809,20.103119
770.454,0.020558,20.096329
771.454,0.02078,20.089036
772.454,0.020905,20.085678
773.454,0.020493,20.084256
774.454,0.020369,20.077402
775.455,0.020206,20.069873
776.455,0.020124,20.063136
777.455,0.020684,20.056998
778.455,0.020391,20.046615
779.455,0.020279,20.033665
780.455,0.020108,20.023613
781.455,0.020337,20.01646
782.455,0.020307,20.006974
783.455,0.020245,19.999093
784.456,0.020078,19.991907
785.456,0.020268,19.991458
786.456,0.02017,19.968852
787.456,0.020175,19.954994
788.458,0.020242,19.95
789.458,0.019941,19.938322
790.458,0.020049,19.930484
791.458,0.020154,19.937061
792.458,0.020226,19.928121
793.458,0.020417,19.920258
794.458,0.020144,19.911896
795.458,0.020453,19.906624
796.458,0.01995,19.897866
797.458,0.02022,19.889204
798.459,0.019975,19.882018
799.459,0.020147,19.871977
800.459,0.020109,19.865518
801.459,0.020511,19.864609
802.459,0.020253,19.863273
803.459,0.020234,19.857391
804.459,0.020211,19.849885
805.459,0.020163,19.840004
806.459,0.019915,19.835716
807.459,0.019741,19.828819
808.46,0.01994,19.824552
809.461,0.019533,19.822221
810.461,0.019859,19.826872
811.461,0.019804,19.825835
812.462,0.0195,19.824381
813.462,0.01946,19.822948
814.462,0.019508,19.819515
815.462,0.019743,19.817687
816.462,0.019711,19.816468
817.463,0.01961,19.819408
818.463,0.019784,19.819237
819.464,0.019389,19.81774
820.464,0.019908,19.817152
821.464,0.01994,19.813452
822.464,0.019959,19.812425
823.464,0.019931,19.813003
824.465,0.019857,19.813292
825.465,0.019683,19.80911
826.465,0.020152,19.801518
827.465,0.020213,19.795605
828.465,0.020134,19.793915
829.465,0.020408,19.791883
830.465,0.02,19.790311
831.465,0.020163,19.793199
832.465,0.020254,19.790867
833.465,0.020128,19.786323
834.465,0.020105,19.784205
835.465,0.020017,19.782537
836.466,0.020245,19.779703
837.466,0.020112,19.774282
838.466,0.020275,19.773544
839.466,0.020418,19.775127
840.466,0.020266,19.779276
841.467,0.020105,19.781062
842.467,0.020287,19.784238
843.468,0.020408,19.789734
844.469,0.020463,19.819226
845.469,0.020794,19.818296
846.469,0.020445,19.817516
847.469,0.020336,19.817494
848.469,0.020567,19.817387
849.469,0.020602,19.810319
850.469,0.020566,19.805924
851.469,0.020385,19.800149
852.469,0.020264,19.797262
853.469,0.020072,19.794706
854.47,0.020412,19.7909
855.47,0.02023,19.78798
856.47,0.019768,19.786419
857.47,0.020243,19.781735
858.47,0.020232,19.776859
859.47,0.020295,19.771748
860.47,0.020146,19.767427
861.471,0.02075,19.764519
862.471,0.020794,19.762391
863.471,0.020724,19.762081
864.471,0.020764,19.758841
865.471,0.020171,19.756766
866.472,0.020467,19.753462
867.472,0.020228,19.750361
868.472,0.020133,19.747933
869.472,0.020544,19.74665
870.472,0.020236,19.745474
871.472,0.020065,19.74604
872.472,0.020264,19.743912
873.472,0.01996,19.739924
874.472,0.020152,19.738106
875.472,0.020252,19.737742
876.472,0.020599,19.736395
877.472,0.020397,19.733807
878.473,0.020307,19.730257
879.473,0.020462,19.72784
880.473,0.019927,19.725808
881.473,0.019904,19.725349
882.473,0.020272,19.725081
883.474,0.020619,19.722408
884.474,0.020118,19.720633
885.474,0.020582,19.71874
886.474,0.020358,19.71936
887.474,0.020624,19.723723
888.475,0.020204,19.728856
889.476,0.02062,19.737283
890.476,0.020366,19.743699
891.476,0.020322,19.752392
892.476,0.020355,19.746404
893.476,0.020445,19.740052
894.476,0.020654,19.7357
895.476,0.020426,19.729968
896.477,0.020515,19.725317
897.477,0.020013,19.720708
898.477,0.020105,19.718451
899.478,0.020701,19.714923
900.479,0.019927,19.711469
901.479,0.020371,19.708988
902.479,0.020135,19.704539
903.48,0.019777,19.701919
904.481,0.019616,19.701331
905.481,0.020365,19.703491
906.481,0.020189,19.704315
907.481,0.020289,19.703213
908.481,0.020123,19.702711
909.481,0.019888,19.705352
910.481,0.02001,19.708357
911.481,0.020011,19.705662
912.482,0.020611,19.701877
913.482,0.020365,19.69792
914.482,0.020394,19.695268
915.482,0.020334,19.69654
916.482,0.020576,19.694851
917.482,0.020478,19.691269
918.482,0.020506,19.687729
919.483,0.020306,19.684949
920.484,0.020095,19.682254
921.484,0.020575,19.680661
922.485,0.020728,19.677421
923.485,0.020433,19.676683
924.486,0.020816,19.678319
925.487,0.020617,19.682479
926.486,0.02003,19.679923
927.486,0.020506,19.678586
928.486,0.020379,19.676437
929.486,0.020543,19.673443
930.486,0.020908,19.670192
931.486,0.021069,19.666984
932.486,0.020864,19.664653
933.486,0.020739,19.662931
934.486,0.020664,19.661413
935.486,0.020527,19.659071
936.486,0.020377,19.65597
937.487,0.020271,19.652911
938.487,0.020762,19.651104
939.487,0.020543,19.649147
940.487,0.020182,19.645436
941.487,0.020358,19.642645
942.487,0.020192,19.640624
943.488,0.020482,19.63793
944.488,0.020142,19.63532
945.488,0.020458,19.634016
946.488,0.020486,19.632241
947.488,0.020594,19.630647
948.489,0.020271,19.632273
949.489,0.020069,19.636229
950.489,0.020037,19.636465
951.489,0.020302,19.637801
952.489,0.020157,19.641694
953.489,0.019953,19.641041
954.489,0.020061,19.64055
955.489,0.019904,19.639277
956.49,0.01962,19.639929
957.49,0.020026,19.649853
958.491,0.019783,19.661413
959.491,0.020132,19.662952
960.491,0.020299,19.660856
961.491,0.020178,19.658964
962.491,0.020181,19.655371
963.491,0.020766,19.65074
964.492,0.020336,19.64688
965.494,0.020703,19.643009
966.494,0.020503,19.641159
967.495,0.020465,19.640689
968.495,0.020339,19.639202
969.495,0.020558,19.638807
970.495,0.020623,19.637021
971.496,0.020573,19.635738
972.496,0.020236,19.633813
973.496,0.020743,19.632647
974.496,0.020414,19.630647
975.496,0.020565,19.629685
976.496,0.02017,19.627803
977.496,0.01989,19.626627
978.496,0.020554,19.624702
979.496,0.020097,19.624071
980.496,0.020387,19.624841
981.496,0.020251,19.624296
982.496,0.020392,19.623472
983.496,0.020496,19.622895
984.496,0.020638,19.6219
985.496,0.020575,19.621023
986.496,0.020776,19.621654
987.497,0.020526,19.620478
988.498,0.020583,19.621537
989.498,0.020914,19.619398
990.498,0.020678,19.618436
991.498,0.020562,19.616938
992.498,0.021015,19.616532
993.498,0.020774,19.615495
994.498,0.020604,19.614821
995.499,0.020392,19.612212
996.499,0.020386,19.611795
997.499,0.020683,19.610255
998.499,0.020641,19.608737
999.499,0.020832,19.607304
1000.499,0.020673,19.605978
1001.5,0.02055,19.604309
1002.5,0.020755,19.604352
1003.501,0.020437,19.603582
1004.501,0.020925,19.602267
1005.501,0.020791,19.601016
1006.501,0.02079,19.599551
1007.502,0.020938,19.593017
1008.502,0.021014,19.589499
1009.502,0.02091,19.587884
1010.503,0.021228,19.585596
1011.503,0.020765,19.584805
1012.504,0.020425,19.582142
1013.504,0.020891,19.582099
1014.504,0.020874,19.58196
1015.505,0.020539,19.581746
1016.506,0.020419,19.581714
1017.507,0.02058,19.580506
1018.508,0.020538,19.578752
1019.508,0.020599,19.577522
1020.508,0.020976,19.576891
1021.509,0.020647,19.576079
1022.509,0.020637,19.574956
1023.509,0.020806,19.57456
1024.509,0.020615,19.572849
1025.509,0.020055,19.573202
1026.509,0.02023,19.57363
1027.509,0.019977,19.572443
1028.509,0.020462,19.573277
1029.509,0.02028,19.574015
1030.509,0.020663,19.57517
1031.509,0.02082,19.576357
1032.509,0.020665,19.574229
1033.509,0.020717,19.573085
1034.51,2.278658,19.672181
1035.51,23.25715,19.789317
1036.51,43.966697,19.821654
1037.51,64.829802,19.848131
1038.51,85.658477,19.736609
1039.51,106.504199,19.537892
1040.51,127.316704,19.564188
1041.51,148.168367,19.260665
1042.51,169.08772,18.461757
1043.51,200.209838,18.368499
1044.51,210.649241,18.085711
1045.51,231.531266,17.398151
1046.51,252.303486,16.97469
1047.51,273.17555,17.179641
1048.51,294.057403,16.778251
1049.51,314.8216,16.998077
1050.51,335.744689,17.107899
1051.51,356.465995,17.063307
1052.51,377.301592,16.913406
1053.511,398.220721,16.794687
1054.511,419.130067,16.826425
1055.511,439.850708,16.089389
1056.512,460.763053,16.481208
1057.512,481.542656,16.207552
1058.512,502.381488,15.937884
1059.512,523.199451,15.428574
1060.512,544.105067,15.731586
1061.512,564.907889,15.489281
1062.513,596.094923,15.5016
1063.513,606.581527,15.307877
1064.513,627.431597,15.3807
1065.514,648.253581,15.260794
1066.514,669.11269,16.579972
1067.514,689.954988,16.302638
1068.515,710.793282,16.149614
1069.515,731.619093,15.520816
1070.515,750.042929,15.466664
1071.515,750.037925,15.452891
1072.515,750.047678,15.377866
1073.515,750.033146,15.278385
1074.515,750.041399,15.220073
1075.515,750.040468,15.194099
1076.515,750.037424,15.154758
1077.515,750.0462,15.103846
1078.515,750.041934,15.075188
1079.515,750.042185,15.055875
1080.515,750.044257,15.038135
1081.515,750.045549,15.025955
1082.515,750.04201,15.016395
1083.515,750.045618,15.006012
1084.515,750.045775,14.998334
1085.516,750.044803,14.988795
1086.517,750.043441,14.97792
1087.517,750.045316,14.965954
1088.517,750.046468,14.954726
1089.517,750.041841,14.943402
1090.517,750.045619,14.933778
1091.518,750.044186,14.925586
1092.518,750.045345,14.919074
1093.518,750.039141,14.913364
1094.518,750.038827,14.907429
1095.518,750.046055,14.89927
1096.518,750.039362,14.893656
1097.518,750.040147,14.887454
1098.519,750.040846,14.88216
1099.519,750.039298,14.877872
1100.519,750.038606,14.874301
1101.52,750.040602,14.869285
1102.52,750.039909,14.865992
1103.52,750.040543,14.863596
1104.52,750.046334,14.858934
1105.52,750.043948,14.854881
1106.52,750.044896,14.851181
1107.52,750.047172,14.848626
1108.521,750.044547,14.844819
1109.521,750.044384,14.83883
1110.522,750.047754,14.835654
1111.522,750.043319,14.832404
1112.522,750.045566,14.828533
1113.523,750.042557,14.823304
1114.523,750.045811,14.820031
1115.523,750.043471,14.816855
1116.523,750.045711,14.813872
1117.523,750.044786,14.810001
1118.523,750.044681,14.80813
1119.523,750.042772,14.805093
1120.523,750.043523,14.8032
1121.525,750.04318,14.802334
1122.526,750.046532,14.800142
1123.526,750.04602,14.800238
1124.526,750.04382,14.797008
1125.527,750.044454,14.793832
1126.527,750.047667,14.792913
1127.527,750.044647,14.792346
1128.528,750.042906,14.792121
1129.528,750.041987,14.791704
1130.528,750.040712,14.789929
1131.528,750.042871,14.787801
1132.528,750.04741,14.786892
1133.528,750.046043,14.786796
1134.528,750.042872,14.78624
1135.528,750.048196,14.785513
1136.528,750.043686,14.784283
1137.528,750.040904,14.783791
1138.528,750.045403,14.78285
1139.529,750.042708,14.782048
1140.53,750.048086,14.783909
1141.53,750.038547,14.783503
1142.53,750.045094,14.782519
1143.53,750.039525,14.783866
1144.531,750.046625,14.782754
1145.531,750.042947,14.781449
1146.532,750.041666,14.781717
1147.533,750.043325,14.78099
1148.533,750.041469,14.780679
1149.533,750.044099,14.779867
1150.533,750.037773,14.778626
1151.534,750.038146,14.778958
1152.534,750.040147,14.779418
1153.534,750.042929,14.779364
1154.534,750.046334,14.779022
1155.534,750.038524,14.779343
1156.534,750.042836,14.779353
1157.534,750.047795,14.778584
1158.535,750.042999,14.779225
1159.535,750.043564,14.779118
1160.536,750.046072,14.778776
1161.536,750.038221,14.779546
1162.536,750.040689,14.780466
1163.537,750.050821,14.780466
1164.537,750.049494,14.781428
1165.537,750.041812,14.782658
1166.537,750.049668,14.782904
1167.537,750.044315,14.782412
1168.537,750.046555,14.782144
1169.537,750.049192,14.782112
1170.537,750.044082,14.78192
1171.537,750.048167,14.781546
1172.537,750.054103,14.783257
1173.538,750.045484,14.783513
1174.539,750.04091,14.781888
1175.539,750.048325,14.781022
1176.539,750.05188,14.780658
1177.539,750.044658,14.780145
1178.539,750.048709,14.779107
1179.54,750.043901,14.778851
1180.54,750.045059,14.77822
1181.54,750.046742,14.778348
1182.54,750.042918,14.777846
1183.54,750.042848,14.778188
1184.54,750.047795,14.778808
1185.54,750.041021,14.777728
1186.54,750.040182,14.777012
1187.541,750.046293,14.775867
1188.542,750.049302,14.773953
1189.542,750.040636,14.77359
1190.542,750.040543,14.772617
1191.542,750.040846,14.771312
1192.543,750.046561,14.771579
1193.543,750.052433,14.771013
1194.543,750.050961,14.769997
1195.543,750.049395,14.7682
1196.543,750.040764,14.767281
1197.543,750.040974,14.767174
1198.543,750.045578,14.767163
1199.543,750.039472,14.767109
1200.543,750.045467,14.767088
1201.543,750.042767,14.767409
1202.543,750.041271,14.766906
1203.543,750.047824,14.766863
1204.543,750.048062,14.766329
1205.543,750.049133,14.765848
1206.543,750.049006,14.765292
1207.544,750.046212,14.763869
1208.544,750.047423,14.76311
1209.544,750.052166,14.761196
1210.544,750.048149,14.759731
1211.544,750.04801,14.759228
1212.544,750.040771,14.757271
1213.544,750.042685,14.756801
1214.544,750.041218,14.756534
1215.544,750.041207,14.755603
1216.544,750.044768,14.754587
1217.544,750.041032,14.754128
1218.544,750.045804,14.754085
1219.544,750.045141,14.753122
1220.544,750.048697,14.752983
1221.544,750.04552,14.753593
1222.544,750.039339,14.753005
1223.544,750.036988,14.752235
1224.544,750.040596,14.752085
1225.544,750.041678,14.751411
1226.545,750.040922,14.751187
1227.545,750.040765,14.751775
1228.545,750.041213,14.750481
1229.546,750.040753,14.749262
1230.546,750.045863,14.748043
1231.547,750.044815,14.747573
1232.547,750.042202,14.746204
1233.547,750.042627,14.747658
1234.547,750.044297,14.74784
1235.547,750.043051,14.746845
1236.548,750.044961,14.747915
1237.549,750.046928,14.74784
1238.549,750.046951,14.749241
1239.549,750.047079,14.749882
1240.55,750.040439,14.750096
1241.55,750.042708,14.749508
1242.55,750.049174,14.748599
1243.551,750.040177,14.747851
1244.551,750.040992,14.747915
1245.551,750.040171,14.748332
1246.551,750.040509,14.748054
1247.551,750.039007,14.747551
1248.551,750.04712,14.747487
1249.552,750.045618,14.747679
1250.552,750.041393,14.746824
1251.552,750.040427,14.747348
1252.552,750.047254,14.747583
1253.553,750.048353,14.746375
1254.553,750.043942,14.745744
1255.554,750.041032,14.74414
1256.554,750.042243,14.744439
1257.555,750.043587,14.744386
1258.555,750.049098,14.74476
1259.555,750.047056,14.743691
1260.555,750.038053,14.744044
1261.555,750.044361,14.743263
1262.555,750.050216,14.742728
1263.555,750.047748,14.74198
1264.555,750.044279,14.74213
1265.555,750.046462,14.741862
1266.555,750.045327,14.741852
1267.555,750.047882,14.742365
1268.555,750.046625,14.741563
1269.555,750.048033,14.741049
1270.556,750.045728,14.742461
1271.556,750.045112,14.741691
1272.556,750.04112,14.742226
1273.556,750.040252,14.742322
1274.556,750.047457,14.742001
1275.556,750.042621,14.741691
1276.557,750.044803,14.741424
1277.557,750.037191,14.741295
1278.557,750.042162,14.741905
1279.558,750.040316,14.742215
1280.558,750.046183,14.742643
1281.559,750.040683,14.740461
1282.56,750.041853,14.72671
1283.56,750.041021,14.724539
1284.561,750.041207,14.725212
1285.561,750.045531,14.724988
1286.561,750.046968,14.725373
1287.561,750.044466,14.725084
1288.562,750.04375,14.725437
1289.562,750.040311,14.724924
1290.562,750.044501,14.722208
1291.562,750.042824,14.720721
1292.563,750.040526,14.71993
1293.563,750.04304,14.71824
1294.563,750.042121,14.717545
1295.563,750.041969,14.715385
1296.563,750.043051,14.715535
1297.563,750.043506,14.715214
1298.563,750.038769,14.714679
1299.563,750.040427,14.713332
1300.563,750.043249,14.712765
1301.563,750.041719,14.711728
1302.563,750.043145,14.711012
1303.563,750.046369,14.710338
1304.564,750.047318,14.709846
1305.565,750.038972,14.709065
1306.565,750.047067,14.709055
1307.566,750.043186,14.709632
1308.566,750.045502,14.709654
1309.567,750.045624,14.710509
1310.568,750.04769,14.711397
1311.568,750.044408,14.711119
1312.568,750.042941,14.710723
1313.568,750.042313,14.709793
1314.568,750.042737,14.709996
1315.569,750.042266,14.70976
1316.57,750.045234,14.710766
1317.57,750.042202,14.710231
1318.571,750.045316,14.710135
1319.571,750.045083,14.711728
1320.571,750.047841,14.712701
1321.572,750.04865,14.712936
1322.572,750.050454,14.713631
1323.572,750.048679,14.714134
1324.572,750.051979,14.715375
1325.572,750.049855,14.715642
1326.572,750.051461,14.715022
1327.572,750.050222,14.714337
1328.572,750.051066,14.713888
1329.572,750.046648,14.714669
1330.572,750.049069,14.714872
1331.572,750.050745,14.715439
1332.572,750.053201,14.716636
1333.572,750.049599,14.716583
1334.572,750.042901,14.717438
1335.572,750.050362,14.71823
1336.573,750.051729,14.719171
1337.573,750.049634,14.721459
1338.573,750.055465,14.721684
1339.573,750.046852,14.72225
1340.573,750.044327,14.722678
1341.573,750.049116,14.722635
1342.573,750.046729,14.723747
1343.574,750.043878,14.723437
1344.574,750.044896,14.723587
1345.574,750.053062,14.724122
1346.574,750.042342,14.724218
1347.574,750.045484,14.724806
1348.574,750.045071,14.724656
1349.574,750.051834,14.725501
1350.574,750.049582,14.726442
1351.574,750.055378,14.726121
1352.575,750.049215,14.726186
1353.575,750.044885,14.725095
1354.575,750.042889,14.725437
1355.575,750.052084,14.724988
1356.575,750.045938,14.725116
1357.575,750.045735,14.726036
1358.575,750.051077,14.726699
1359.575,750.04517,14.726421
1360.575,750.055221,14.726015
1361.575,750.049733,14.725683
1362.575,750.04627,14.726089
1363.575,750.052422,14.727426
1364.575,750.052718,14.728153
1365.575,750.046258,14.729522
1366.576,750.051205,14.729105
1367.576,750.050297,14.729287
1368.576,750.048383,14.729051
1369.576,750.05561,14.728709
1370.576,746.262948,14.974819
1371.577,725.397562,15.691163
1372.577,704.527398,16.703664
1373.577,683.758424,17.015272
1374.577,662.923809,17.839761
1375.577,642.054812,18.153989
1376.578,621.176906,18.430457
1377.579,600.379255,18.030329
1378.579,579.510552,18.096511
1379.579,558.717547,18.110145
1380.579,537.839389,17.41433
1381.579,517.042795,17.571064
1382.579,496.201798,17.427686
1383.579,475.368117,17.806641
1384.579,454.524555,18.663991
1385.579,433.674516,18.933188
1386.579,412.874651,19.160039
1387.579,391.996237,19.595434
1388.579,371.10026,20.217005
1389.579,350.228198,20.144578
1390.579,329.494541,19.961837
1391.579,308.674958,19.97205
1392.579,287.856055,20.141092
1393.58,266.973369,19.74804
1394.581,246.118462,20.07768
1395.581,225.279718,20.289207
1396.581,204.420896,20.538632
1397.582,183.604681,20.60337
1398.582,162.818107,20.666033
1399.582,141.953049,20.543315
1400.582,120.955786,20.659147
1401.582,100.236146,20.721522
1402.583,79.411172,20.755463
1403.583,58.589109,20.757944
1404.583,37.733263,20.78857
1405.583,16.89241,20.857542
1406.584,0.021373,20.934599
1407.584,0.021523,20.887709
1408.584,0.021079,20.857585
1409.585,0.021528,20.831162
1410.585,0.021126,20.812747
1411.585,0.020925,20.801915
1412.585,0.020815,20.785533
1413.585,0.021351,20.765461
1414.586,0.020724,20.741968
1415.586,0.021069,20.736001
1416.587,0.021373,20.723404
1417.587,0.020947,20.703247
1418.587,0.021255,20.686918
1419.587,0.020713,20.669637
1420.588,0.021083,20.657778
1421.588,0.020969,20.640219
1422.588,0.02089,20.629569
1423.588,0.021456,20.612491
1424.588,0.020441,20.57716
1425.588,0.020863,20.546491
1426.588,0.021112,20.524741
1427.588,0.020772,20.527607
1428.588,0.020972,20.472824
1429.588,0.020713,20.456249
1430.588,0.020624,20.443609
1431.588,0.020842,20.429184
1432.588,0.020693,20.390752
1433.588,0.020906,20.36682
1434.588,0.020847,20.365804
1435.588,0.021036,20.370766
1436.588,0.020896,20.376636
1437.588,0.020978,20.39103
1438.588,0.021128,20.413657
1439.588,0.021382,20.433076
1440.588,0.021029,20.449085
1441.588,0.020935,20.436039
1442.588,0.021197,20.422939
1443.588,0.021386,20.414823
1444.588,0.020922,20.410203
1445.588,0.02078,20.40429
1446.588,0.020381,20.394912
1447.588,0.020455,20.374647
1448.588,0.020518,20.346545
1449.588,0.020587,20.314614
1450.588,0.020421,20.287282
1451.588,0.020511,20.262708
1452.588,0.020804,20.23204
1453.588,0.020384,20.224725
1454.588,0.02025,20.202419
1455.588,0.02073,20.183866
1456.588,0.020549,20.129104
1457.588,0.021055,20.106883
1458.589,0.020564,20.098756
1459.589,0.020726,20.093613
1460.589,0.020719,20.094843
1461.589,0.020669,20.101088
1462.59,0.020482,20.110744
1463.59,0.021136,20.123298
1464.59,0.020706,20.108466
1465.59,0.021157,20.107696
1466.59,0.021166,20.128548
1467.59,0.021102,20.155934
1468.59,0.021271,20.187223
1469.59,0.021447,20.203167
1470.59,0.021265,20.206044
1471.59,0.021425,20.193415
1472.59,0.020919,20.185245
1473.59,0.02081,20.17515
1474.59,0.020855,20.177845
1475.59,0.020845,20.179984
1476.59,0.020741,20.137798
1477.59,0.020887,20.131222
1478.59,0.02062,20.128227
1479.59,0.020481,20.131489
1480.59,0.020455,20.138964
1481.59,0.02033,20.136109
1482.59,0.020663,20.131788
1483.59,0.020236,20.127019
1484.59,0.020782,20.119053
1485.59,0.02038,20.092351
1486.59,0.020513,20.057223
1487.59,0.020475,20.03898
1488.591,0.020526,20.042552
1489.591,0.020484,20.046284
1490.591,0.020736,20.058635
1491.591,0.020844,20.077669
1492.591,0.02058,20.076771
1493.591,0.020544,20.072215
1494.591,0.020213,20.068077
1495.592,0.020249,20.062409
1496.593,0.02066,20.060976
1497.593,0.020396,20.057202
1498.594,0.020266,20.056196
1499.594,0.020848,20.051876
1500.595,0.020539,20.049363
1501.595,0.020518,20.046294
1502.595,0.020733,20.048572
1503.595,0.020776,20.05193
1504.596,0.020647,20.049139
1505.597,0.020732,20.061393
1506.597,0.020977,20.058677
1507.597,0.02088,20.046882
1508.597,0.020547,20.038681
1509.597,0.021248,20.032307
1510.597,0.020884,20.024405
1511.597,0.020575,20.014577
1512.597,0.020859,20.010193
1513.598,0.020705,20.004953
1514.599,0.020818,19.998623
1515.599,0.021032,19.995372
1516.599,0.020951,19.992389
1517.599,0.020642,19.990132
1518.6,0.021023,19.989148
1519.601,0.020918,19.986507
1520.601,0.021152,19.984251
1521.601,0.020696,19.980294
1522.602,0.020774,19.977642
1523.602,0.020879,19.980508
1524.602,0.020486,19.981706
1525.602,0.020506,19.982016
1526.602,0.020375,19.996014
1527.603,0.020541,20.021614
1528.603,0.020575,20.018566
1529.603,0.020243,20.019871
1530.603,0.020428,20.020245
1531.604,0.020173,20.007894
1532.604,0.020776,19.998174
1533.605,0.020427,19.992217
1534.606,0.020148,19.98686
1535.606,0.020423,19.98023
1536.609,0.020441,19.975183
1537.609,0.020465,19.971355
1538.61,0.020646,19.968681
1539.61,0.020595,19.966596
1540.61,0.020751,19.964896
1541.61,0.020699,19.963441
1542.61,0.020327,19.962832
1543.61,0.020599,19.963901
1544.61,0.020836,19.962725
1545.611,0.020661,19.961239
1546.612,0.020559,19.959613
1547.613,0.020224,19.957549
1548.614,0.020431,19.959421
1549.615,0.02035,19.962725
1550.616,0.020561,19.965708
1551.616,0.020372,19.967751
1552.617,0.020216,19.972638
1553.617,0.020461,19.97421
1554.617,0.020621,19.983791
1555.618,0.020392,19.985277
1556.618,0.021016,19.983663
1557.618,0.020788,19.965986
1558.618,0.021077,19.952951
1559.619,0.020417,19.944835
1560.619,0.020691,19.940654
1561.619,0.020773,19.933403
1562.619,0.02056,19.92657
1563.62,0.020539,19.923576
1564.62,0.020472,19.924785
1565.62,0.021093,19.921766
1566.621,0.021165,19.920911
1567.622,0.020914,19.920718
1568.623,0.020721,19.922354
1569.623,0.020908,19.920044
1570.623,0.021329,19.915318
1571.623,0.020983,19.932206
1572.623,0.020823,19.937381
1573.623,0.02138,19.941327
1574.623,0.021007,19.935927
1575.624,0.021102,19.930409
1576.624,0.020974,19.931618
1577.624,0.021162,19.934002
1578.624,0.021252,19.933981
1579.624,0.021269,19.936045
1580.624,0.02117,19.93396
1581.624,0.021145,19.932591
1582.624,0.02077,19.92996
1583.625,0.020795,19.929169
1584.626,0.021219,19.923469
1585.626,0.020921,19.919146
1586.626,0.021014,19.919007
1587.627,0.021112,19.931404
1588.627,0.020901,19.958255
1589.627,0.021232,19.954619
1590.627,0.02073,19.945744
1591.627,0.021113,19.933724
1592.627,0.021142,19.924228
1593.627,0.020496,19.91766
1594.627,0.02076,19.912773
1595.628,0.021194,19.909704
1596.628,0.020833,19.908004
1597.628,0.02084,19.904924
1598.628,0.020703,19.904143
1599.628,0.020696,19.899021
1600.628,0.020973,19.893899
1601.628,0.020765,19.890199
1602.628,0.020687,19.8859
1603.628,0.020903,19.881687
1604.628,0.020908,19.876319
1605.628,0.020737,19.871528
1606.628,0.020959,19.867636
1607.628,0.020633,19.863594
1608.629,0.020931,19.860386
1609.631,0.020805,19.856098
1610.631,0.020598,19.854076
1611.631,0.020715,19.852141
1612.632,0.020483,19.8492
1613.632,0.020133,19.846762
1614.632,0.019925,19.844623
1615.632,0.020699,19.840891
1616.632,0.02065,19.840581
1617.632,0.020654,19.838314
1618.632,0.020416,19.836283
1619.632,0.020361,19.836047
1620.632,0.020672,19.833032
1621.633,0.020907,19.830701
1622.633,0.020507,19.828594
1623.633,0.020399,19.829364
1624.634,0.020558,19.829236
1625.634,0.02033,19.828904
1626.635,0.020917,19.832337
1627.635,0.020142,19.832786
1628.635,0.020333,19.847906
1629.635,0.020354,19.84997
1630.635,0.020399,19.846623
1631.635,0.020532,19.842399
1632.635,0.020553,19.838646
1633.635,0.020702,19.834753
1634.635,0.020699,19.829449
1635.636,0.020539,19.825899
1636.636,0.020501,19.822852
1637.636,0.020531,19.820777
1638.636,0.020485,19.818082
1639.636,0.020803,19.813463
1640.636,0.020836,19.809966
1641.636,0.020981,19.807592
1642.636,0.020784,19.803913
1643.636,0.021335,19.800983
1644.636,0.020955,19.798652
1645.637,0.020845,19.796407
1646.637,0.020877,19.793092
1647.637,0.021078,19.79122
1648.637,0.021155,19.788846
1649.637,0.020862,19.785146
1650.637,0.020301,19.77703
1651.638,0.020929,19.768946
1652.638,0.020748,19.767021
1653.638,0.020829,19.75806
1654.639,0.020743,19.754339
1655.64,0.021033,19.740811
1656.64,0.020987,19.725776
1657.64,0.020957,19.722173
1658.64,0.020672,19.737582
1659.64,0.021412,19.74218
1660.64,0.021271,19.743228
1661.64,0.021338,19.737753
1662.64,0.021496,19.735411
1663.64,0.021742,19.726707
1664.64,0.021159,19.717093
1665.641,0.021457,19.706796
1666.641,0.02105,19.698925
1667.641,0.02072,19.689921
1668.641,0.020907,19.681195
1669.641,0.02094,19.666588
1670.641,0.020594,19.655253
1671.641,0.021043,19.639833
1672.641,0.02088,19.632369
1673.641,0.021133,19.620211
1674.641,0.021036,19.606598
1675.642,0.021274,19.599936
1676.643,0.020908,19.588077
1677.644,0.020793,19.577715
1678.644,0.020753,19.56931
1679.644,0.020822,19.561611
1680.645,0.020778,19.551388
1681.645,0.020747,19.542672
1682.645,0.020813,19.529594
1683.645,0.020899,19.518388
1684.645,0.020577,19.506176
1685.645,0.020215,19.496466
1686.645,0.020458,19.489729
1687.646,0.020651,19.481773
1688.646,0.020923,19.471155
1689.647,0.020933,19.466482
1690.647,0.020559,19.464792
1691.647,0.020587,19.460857
1692.647,0.021022,19.45134
1693.647,0.020824,19.443983
1694.647,0.020837,19.441352
1695.647,0.021505,19.435075
1696.647,0.021109,19.431193
1697.647,0.021025,19.427044
1698.647,0.020981,19.425173
1699.647,0.020878,19.420617
1700.648,0.021054,19.418521
1701.648,0.020796,19.416864
1702.648,0.020668,19.414682
1703.649,0.020705,19.415281
1704.649,0.021292,19.413902
1705.649,0.020737,19.411806
1706.649,0.02082,19.415378
1707.649,0.020802,19.414415
1708.649,0.020832,19.4114
1709.649,0.021064,19.417024
1710.65,0.020744,19.427985
1711.65,0.020459,19.43145
1712.65,0.020807,19.4333
1713.651,0.020578,19.430092
1714.652,0.02072,19.429204
1715.652,0.02058,19.42791
1716.652,0.020748,19.427429
1717.652,0.020407,19.425023
1718.652,0.020412,19.423558
1719.652,0.020847,19.42389
1720.652,0.020351,19.425804
1721.653,0.020134,19.421954
1722.653,0.020212,19.421024
1723.653,0.020425,19.418693
1724.653,0.020935,19.418682
1725.653,0.020241,19.416949
1726.653,0.02038,19.413624
1727.653,0.020438,19.407229
1728.654,0.020571,19.389777
1729.654,0.020576,19.380549
1730.654,0.020401,19.369535
1731.654,0.020855,19.360787
1732.654,0.020591,19.355783
1733.654,0.020492,19.35065
1734.654,0.020328,19.348287
1735.654,0.020667,19.347891
1736.654,0.020741,19.347474
1737.654,0.020637,19.351228
1738.654,0.020793,19.355858
1739.654,0.020508,19.352543
1740.654,0.020885,19.351816
1741.654,0.02069,19.34957
1742.654,0.020913,19.345474
1743.654,0.020912,19.346993
1744.654,0.020711,19.348298
1745.655,0.020906,19.352382
1746.655,0.020778,19.356724
1747.656,0.020506,19.36406
1748.657,0.02075,19.369781
1749.657,0.020893,19.382955
1750.657,0.020685,19.400417
1751.657,0.020741,19.418928
1752.658,0.021095,19.423291
1753.658,0.020519,19.430798
1754.659,0.02172,19.446399
1755.659,0.021203,19.448656
1756.66,0.02053,19.446121
1757.66,0.020314,19.44471
1758.66,0.020511,19.439844
1759.66,0.020923,19.437449
1760.66,0.020577,19.434048
1761.66,0.02055,19.443501
1762.66,0.020601,19.46183
1763.661,0.02074,19.465786
1764.661,0.020032,19.466653
1765.661,0.020488,19.469797